<?xml version="1.0" encoding="UTF-8"?>
<GenRun Id="synth_1" LaunchPart="xc7a35tcpg236-1" LaunchTime="1681981023" LaunchIncrCheckpoint="$PSRCDIR/utils_1/imports/synth_1/TOP_BOTH.dcp">
  <File Type="PA-TCL" Name="TOP_BOTH.tcl"/>
  <File Type="RDS-PROPCONSTRS" Name="TOP_BOTH_drc_synth.rpt"/>
  <File Type="REPORTS-TCL" Name="TOP_BOTH_reports.tcl"/>
  <File Type="RDS-RDS" Name="TOP_BOTH.vds"/>
  <File Type="RDS-UTIL" Name="TOP_BOTH_utilization_synth.rpt"/>
  <File Type="RDS-UTIL-PB" Name="TOP_BOTH_utilization_synth.pb"/>
  <File Type="RDS-DCP" Name="TOP_BOTH.dcp"/>
  <File Type="VDS-TIMINGSUMMARY" Name="TOP_BOTH_timing_summary_synth.rpt"/>
  <File Type="VDS-TIMING-PB" Name="TOP_BOTH_timing_summary_synth.pb"/>
  <FileSet Name="sources" Type="DesignSrcs" RelSrcDir="$PSRCDIR/sources_1" RelGenDir="$PGENDIR/sources_1">
    <Filter Type="Srcs"/>
    <File Path="$PSRCDIR/sources_1/imports/assignment1_both_files_ssds/AC_FSM_minimum.v">
      <FileInfo>
        <Attr Name="ImportPath" Val="//Mac/Home/Downloads/assignment1_both_files_ssds/AC_FSM_minimum.v"/>
        <Attr Name="ImportTime" Val="1680241352"/>
        <Attr Name="UsedIn" Val="synthesis"/>
        <Attr Name="UsedIn" Val="implementation"/>
        <Attr Name="UsedIn" Val="simulation"/>
      </FileInfo>
    </File>
    <File Path="$PSRCDIR/sources_1/imports/assignment1_both_files_ssds/AC_FSM_top_minimum.v">
      <FileInfo>
        <Attr Name="ImportPath" Val="//Mac/Home/Downloads/assignment1_both_files_ssds/AC_FSM_top_minimum.v"/>
        <Attr Name="ImportTime" Val="1680239634"/>
        <Attr Name="UsedIn" Val="synthesis"/>
        <Attr Name="UsedIn" Val="implementation"/>
        <Attr Name="UsedIn" Val="simulation"/>
      </FileInfo>
    </File>
    <File Path="$PSRCDIR/sources_1/imports/assignment1_both_files_ssds/clockDividerHB.v">
      <FileInfo>
        <Attr Name="ImportPath" Val="//Mac/Home/Downloads/assignment1_both_files_ssds/clockDividerHB.v"/>
        <Attr Name="ImportTime" Val="1680150970"/>
        <Attr Name="UsedIn" Val="synthesis"/>
        <Attr Name="UsedIn" Val="implementation"/>
        <Attr Name="UsedIn" Val="simulation"/>
      </FileInfo>
    </File>
    <File Path="$PSRCDIR/sources_1/imports/assignment1_both_files_ssds/debouncer.v">
      <FileInfo>
        <Attr Name="ImportPath" Val="//Mac/Home/Downloads/assignment1_both_files_ssds/debouncer.v"/>
        <Attr Name="ImportTime" Val="1680150970"/>
        <Attr Name="UsedIn" Val="synthesis"/>
        <Attr Name="UsedIn" Val="implementation"/>
        <Attr Name="UsedIn" Val="simulation"/>
      </FileInfo>
    </File>
    <File Path="$PSRCDIR/sources_1/imports/assignment1_both_files_ssds/garage_FSM_minimum.v">
      <FileInfo>
        <Attr Name="ImportPath" Val="//Mac/Home/Downloads/assignment1_both_files_ssds/garage_FSM_minimum.v"/>
        <Attr Name="ImportTime" Val="1680244410"/>
        <Attr Name="UsedIn" Val="synthesis"/>
        <Attr Name="UsedIn" Val="implementation"/>
        <Attr Name="UsedIn" Val="simulation"/>
      </FileInfo>
    </File>
    <File Path="$PSRCDIR/sources_1/imports/assignment1_both_files_ssds/garage_FSM_top_minimum.v">
      <FileInfo>
        <Attr Name="ImportPath" Val="//Mac/Home/Downloads/assignment1_both_files_ssds/garage_FSM_top_minimum.v"/>
        <Attr Name="ImportTime" Val="1680239702"/>
        <Attr Name="UsedIn" Val="synthesis"/>
        <Attr Name="UsedIn" Val="implementation"/>
        <Attr Name="UsedIn" Val="simulation"/>
      </FileInfo>
    </File>
    <File Path="$PSRCDIR/sources_1/imports/assignment1_both_files_ssds/sevenSegmentDecoderBoth.v">
      <FileInfo>
        <Attr Name="ImportPath" Val="//Mac/Home/Downloads/assignment1_both_files_ssds/sevenSegmentDecoderBoth.v"/>
        <Attr Name="ImportTime" Val="1680242966"/>
        <Attr Name="UsedIn" Val="synthesis"/>
        <Attr Name="UsedIn" Val="implementation"/>
        <Attr Name="UsedIn" Val="simulation"/>
      </FileInfo>
    </File>
    <File Path="$PSRCDIR/sources_1/imports/assignment1_both_files_ssds/spot.v">
      <FileInfo>
        <Attr Name="ImportPath" Val="//Mac/Home/Downloads/assignment1_both_files_ssds/spot.v"/>
        <Attr Name="ImportTime" Val="1680150970"/>
        <Attr Name="UsedIn" Val="synthesis"/>
        <Attr Name="UsedIn" Val="implementation"/>
        <Attr Name="UsedIn" Val="simulation"/>
      </FileInfo>
    </File>
    <File Path="$PSRCDIR/sources_1/imports/assignment1_both_files_ssds/ssdTop.v">
      <FileInfo>
        <Attr Name="ImportPath" Val="//Mac/Home/Downloads/assignment1_both_files_ssds/ssdTop.v"/>
        <Attr Name="ImportTime" Val="1680240182"/>
        <Attr Name="UsedIn" Val="synthesis"/>
        <Attr Name="UsedIn" Val="implementation"/>
        <Attr Name="UsedIn" Val="simulation"/>
      </FileInfo>
    </File>
    <File Path="$PSRCDIR/sources_1/imports/assignment1_both_files_ssds/TOP_BOTH.v">
      <FileInfo>
        <Attr Name="ImportPath" Val="//Mac/Home/Downloads/assignment1_both_files_ssds/TOP_BOTH.v"/>
        <Attr Name="ImportTime" Val="1680244108"/>
        <Attr Name="UsedIn" Val="synthesis"/>
        <Attr Name="UsedIn" Val="implementation"/>
        <Attr Name="UsedIn" Val="simulation"/>
      </FileInfo>
    </File>
    <File Path="$PSRCDIR/sources_1/imports/assignment1_both_files_ssds/sevenSegmentDecoder.v">
      <FileInfo>
        <Attr Name="AutoDisabled" Val="1"/>
        <Attr Name="ImportPath" Val="//Mac/Home/Downloads/assignment1_both_files_ssds/sevenSegmentDecoder.v"/>
        <Attr Name="ImportTime" Val="1679978446"/>
        <Attr Name="UsedIn" Val="synthesis"/>
        <Attr Name="UsedIn" Val="implementation"/>
        <Attr Name="UsedIn" Val="simulation"/>
      </FileInfo>
    </File>
    <File Path="$PSRCDIR/sources_1/imports/assignment1_both_files_ssds/sevenSegmentDecoderGarage.v">
      <FileInfo>
        <Attr Name="AutoDisabled" Val="1"/>
        <Attr Name="ImportPath" Val="//Mac/Home/Downloads/assignment1_both_files_ssds/sevenSegmentDecoderGarage.v"/>
        <Attr Name="ImportTime" Val="1680150970"/>
        <Attr Name="UsedIn" Val="synthesis"/>
        <Attr Name="UsedIn" Val="implementation"/>
        <Attr Name="UsedIn" Val="simulation"/>
      </FileInfo>
    </File>
    <Config>
      <Option Name="DesignMode" Val="RTL"/>
      <Option Name="TopModule" Val="TOP_BOTH"/>
      <Option Name="TopAutoSet" Val="TRUE"/>
    </Config>
  </FileSet>
  <FileSet Name="constrs_in" Type="Constrs" RelSrcDir="$PSRCDIR/constrs_1">
    <Filter Type="Constrs"/>
    <File Path="$PSRCDIR/constrs_1/imports/assignment1_both_files_ssds/constraints_TOP_BOTH.xdc">
      <FileInfo>
        <Attr Name="ImportPath" Val="//Mac/Home/Downloads/assignment1_both_files_ssds/constraints_TOP_BOTH.xdc"/>
        <Attr Name="ImportTime" Val="1680244088"/>
        <Attr Name="UsedIn" Val="synthesis"/>
        <Attr Name="UsedIn" Val="implementation"/>
      </FileInfo>
    </File>
    <File Path="$PSRCDIR/constrs_1/imports/assignment1_both_files_ssds/constraints_minimum.xdc">
      <FileInfo>
        <Attr Name="ImportPath" Val="//Mac/Home/Downloads/assignment1_both_files_ssds/constraints_minimum.xdc"/>
        <Attr Name="ImportTime" Val="1680151362"/>
        <Attr Name="UsedIn" Val="synthesis"/>
        <Attr Name="UsedIn" Val="implementation"/>
      </FileInfo>
    </File>
    <Config>
      <Option Name="ConstrsType" Val="XDC"/>
    </Config>
  </FileSet>
  <FileSet Name="utils" Type="Utils" RelSrcDir="$PSRCDIR/utils_1">
    <Filter Type="Utils"/>
    <File Path="$PSRCDIR/utils_1/imports/synth_1/TOP_BOTH.dcp">
      <FileInfo>
        <Attr Name="UsedIn" Val="synthesis"/>
        <Attr Name="UsedIn" Val="implementation"/>
        <Attr Name="UsedInSteps" Val="synth_1"/>
        <Attr Name="AutoDcp" Val="1"/>
      </FileInfo>
    </File>
    <Config>
      <Option Name="TopAutoSet" Val="TRUE"/>
    </Config>
  </FileSet>
  <Strategy Version="1" Minor="2">
    <StratHandle Name="Vivado Synthesis Defaults" Flow="Vivado Synthesis 2022"/>
    <Step Id="synth_design"/>
  </Strategy>
</GenRun>
