<?xml version="1.0" encoding="UTF-8"?>
<GenRun Id="impl_1" LaunchPart="xc7a35tcpg236-1" LaunchTime="1681981023">
  <File Type="ROUTE-PWR" Name="TOP_BOTH_power_routed.rpt"/>
  <File Type="PA-TCL" Name="TOP_BOTH.tcl"/>
  <File Type="BITSTR-MMI" Name="TOP_BOTH.mmi"/>
  <File Type="OPT-METHODOLOGY-DRC" Name="TOP_BOTH_methodology_drc_opted.rpt"/>
  <File Type="INIT-TIMING" Name="TOP_BOTH_timing_summary_init.rpt"/>
  <File Type="ROUTE-PWR-SUM" Name="TOP_BOTH_power_summary_routed.pb"/>
  <File Type="REPORTS-TCL" Name="TOP_BOTH_reports.tcl"/>
  <File Type="OPT-TIMING" Name="TOP_BOTH_timing_summary_opted.rpt"/>
  <File Type="OPT-DCP" Name="TOP_BOTH_opt.dcp"/>
  <File Type="OPT-DRC" Name="TOP_BOTH_drc_opted.rpt"/>
  <File Type="OPT-HWDEF" Name="TOP_BOTH.hwdef"/>
  <File Type="PWROPT-DCP" Name="TOP_BOTH_pwropt.dcp"/>
  <File Type="PWROPT-DRC" Name="TOP_BOTH_drc_pwropted.rpt"/>
  <File Type="PWROPT-TIMING" Name="TOP_BOTH_timing_summary_pwropted.rpt"/>
  <File Type="PLACE-DCP" Name="TOP_BOTH_placed.dcp"/>
  <File Type="PLACE-IO" Name="TOP_BOTH_io_placed.rpt"/>
  <File Type="PLACE-CLK" Name="TOP_BOTH_clock_utilization_placed.rpt"/>
  <File Type="PLACE-UTIL" Name="TOP_BOTH_utilization_placed.rpt"/>
  <File Type="PLACE-UTIL-PB" Name="TOP_BOTH_utilization_placed.pb"/>
  <File Type="PLACE-CTRL" Name="TOP_BOTH_control_sets_placed.rpt"/>
  <File Type="PLACE-SIMILARITY" Name="TOP_BOTH_incremental_reuse_placed.rpt"/>
  <File Type="PLACE-PRE-SIMILARITY" Name="TOP_BOTH_incremental_reuse_pre_placed.rpt"/>
  <File Type="BG-BIN" Name="TOP_BOTH.bin"/>
  <File Type="PLACE-TIMING" Name="TOP_BOTH_timing_summary_placed.rpt"/>
  <File Type="POSTPLACE-PWROPT-DCP" Name="TOP_BOTH_postplace_pwropt.dcp"/>
  <File Type="BITSTR-MSK" Name="TOP_BOTH.msk"/>
  <File Type="POSTPLACE-PWROPT-TIMING" Name="TOP_BOTH_timing_summary_postplace_pwropted.rpt"/>
  <File Type="PHYSOPT-DCP" Name="TOP_BOTH_physopt.dcp"/>
  <File Type="PHYSOPT-DRC" Name="TOP_BOTH_drc_physopted.rpt"/>
  <File Type="BITSTR-RBT" Name="TOP_BOTH.rbt"/>
  <File Type="PHYSOPT-TIMING" Name="TOP_BOTH_timing_summary_physopted.rpt"/>
  <File Type="ROUTE-ERROR-DCP" Name="TOP_BOTH_routed_error.dcp"/>
  <File Type="ROUTE-DCP" Name="TOP_BOTH_routed.dcp"/>
  <File Type="ROUTE-BLACKBOX-DCP" Name="TOP_BOTH_routed_bb.dcp"/>
  <File Type="ROUTE-DRC" Name="TOP_BOTH_drc_routed.rpt"/>
  <File Type="ROUTE-DRC-PB" Name="TOP_BOTH_drc_routed.pb"/>
  <File Type="ROUTE-DRC-RPX" Name="TOP_BOTH_drc_routed.rpx"/>
  <File Type="ROUTE-METHODOLOGY-DRC" Name="TOP_BOTH_methodology_drc_routed.rpt"/>
  <File Type="ROUTE-METHODOLOGY-DRC-RPX" Name="TOP_BOTH_methodology_drc_routed.rpx"/>
  <File Type="ROUTE-METHODOLOGY-DRC-PB" Name="TOP_BOTH_methodology_drc_routed.pb"/>
  <File Type="ROUTE-PWR-RPX" Name="TOP_BOTH_power_routed.rpx"/>
  <File Type="ROUTE-STATUS" Name="TOP_BOTH_route_status.rpt"/>
  <File Type="ROUTE-STATUS-PB" Name="TOP_BOTH_route_status.pb"/>
  <File Type="ROUTE-TIMINGSUMMARY" Name="TOP_BOTH_timing_summary_routed.rpt"/>
  <File Type="ROUTE-TIMING-PB" Name="TOP_BOTH_timing_summary_routed.pb"/>
  <File Type="ROUTE-TIMING-RPX" Name="TOP_BOTH_timing_summary_routed.rpx"/>
  <File Type="ROUTE-SIMILARITY" Name="TOP_BOTH_incremental_reuse_routed.rpt"/>
  <File Type="ROUTE-CLK" Name="TOP_BOTH_clock_utilization_routed.rpt"/>
  <File Type="ROUTE-BUS-SKEW" Name="TOP_BOTH_bus_skew_routed.rpt"/>
  <File Type="ROUTE-BUS-SKEW-PB" Name="TOP_BOTH_bus_skew_routed.pb"/>
  <File Type="ROUTE-BUS-SKEW-RPX" Name="TOP_BOTH_bus_skew_routed.rpx"/>
  <File Type="POSTROUTE-PHYSOPT-DCP" Name="TOP_BOTH_postroute_physopt.dcp"/>
  <File Type="POSTROUTE-PHYSOPT-BLACKBOX-DCP" Name="TOP_BOTH_postroute_physopt_bb.dcp"/>
  <File Type="POSTROUTE-PHYSOPT-TIMING" Name="TOP_BOTH_timing_summary_postroute_physopted.rpt"/>
  <File Type="POSTROUTE-PHYSOPT-TIMING-PB" Name="TOP_BOTH_timing_summary_postroute_physopted.pb"/>
  <File Type="POSTROUTE-PHYSOPT-TIMING-RPX" Name="TOP_BOTH_timing_summary_postroute_physopted.rpx"/>
  <File Type="POSTROUTE-PHYSOPT-BUS-SKEW" Name="TOP_BOTH_bus_skew_postroute_physopted.rpt"/>
  <File Type="BG-BIT" Name="TOP_BOTH.bit"/>
  <File Type="POSTROUTE-PHYSOPT-BUS-SKEW-PB" Name="TOP_BOTH_bus_skew_postroute_physopted.pb"/>
  <File Type="POSTROUTE-PHYSOPT-BUS-SKEW-RPX" Name="TOP_BOTH_bus_skew_postroute_physopted.rpx"/>
  <File Type="BITSTR-NKY" Name="TOP_BOTH.nky"/>
  <File Type="BITSTR-BMM" Name="TOP_BOTH_bd.bmm"/>
  <File Type="PDI-FILE" Name="TOP_BOTH.pdi"/>
  <File Type="RCFI_FILE" Name="TOP_BOTH.rcfi"/>
  <File Type="CFI_FILE" Name="TOP_BOTH.cfi"/>
  <File Type="RNPI_FILE" Name="TOP_BOTH.rnpi"/>
  <File Type="NPI_FILE" Name="TOP_BOTH.npi"/>
  <File Type="RBD_FILE" Name="TOP_BOTH.rbd"/>
  <File Type="BITSTR-LTX" Name="debug_nets.ltx"/>
  <File Type="BITSTR-LTX" Name="TOP_BOTH.ltx"/>
  <File Type="BITSTR-SYSDEF" Name="TOP_BOTH.sysdef"/>
  <File Type="BG-BGN" Name="TOP_BOTH.bgn"/>
  <File Type="BG-DRC" Name="TOP_BOTH.drc"/>
  <File Type="RDI-RDI" Name="TOP_BOTH.vdi"/>
  <File Type="WBT-USG" Name="usage_statistics_webtalk.html"/>
  <File Type="ROUTE-RQS" Name="TOP_BOTH_routed.rqs"/>
  <File Type="POSTROUTE-PHYSOPT-RQS" Name="TOP_BOTH_postroute_physopted.rqs"/>
  <File Type="ROUTE-RQS-RPT" Name="route_report_qor_suggestions_0.rpt"/>
  <File Type="POSTROUTE-PHYSOPT-RQS-RPT" Name="postroute_physopt_report_qor_suggestions_0.rpt"/>
  <FileSet Name="sources" Type="DesignSrcs" RelSrcDir="$PSRCDIR/sources_1" RelGenDir="$PGENDIR/sources_1">
    <Filter Type="Srcs"/>
    <File Path="$PSRCDIR/sources_1/imports/assignment1_both_files_ssds/AC_FSM_minimum.v">
      <FileInfo>
        <Attr Name="ImportPath" Val="//Mac/Home/Downloads/assignment1_both_files_ssds/AC_FSM_minimum.v"/>
        <Attr Name="ImportTime" Val="1680241352"/>
        <Attr Name="UsedIn" Val="synthesis"/>
        <Attr Name="UsedIn" Val="implementation"/>
        <Attr Name="UsedIn" Val="simulation"/>
      </FileInfo>
    </File>
    <File Path="$PSRCDIR/sources_1/imports/assignment1_both_files_ssds/AC_FSM_top_minimum.v">
      <FileInfo>
        <Attr Name="ImportPath" Val="//Mac/Home/Downloads/assignment1_both_files_ssds/AC_FSM_top_minimum.v"/>
        <Attr Name="ImportTime" Val="1680239634"/>
        <Attr Name="UsedIn" Val="synthesis"/>
        <Attr Name="UsedIn" Val="implementation"/>
        <Attr Name="UsedIn" Val="simulation"/>
      </FileInfo>
    </File>
    <File Path="$PSRCDIR/sources_1/imports/assignment1_both_files_ssds/clockDividerHB.v">
      <FileInfo>
        <Attr Name="ImportPath" Val="//Mac/Home/Downloads/assignment1_both_files_ssds/clockDividerHB.v"/>
        <Attr Name="ImportTime" Val="1680150970"/>
        <Attr Name="UsedIn" Val="synthesis"/>
        <Attr Name="UsedIn" Val="implementation"/>
        <Attr Name="UsedIn" Val="simulation"/>
      </FileInfo>
    </File>
    <File Path="$PSRCDIR/sources_1/imports/assignment1_both_files_ssds/debouncer.v">
      <FileInfo>
        <Attr Name="ImportPath" Val="//Mac/Home/Downloads/assignment1_both_files_ssds/debouncer.v"/>
        <Attr Name="ImportTime" Val="1680150970"/>
        <Attr Name="UsedIn" Val="synthesis"/>
        <Attr Name="UsedIn" Val="implementation"/>
        <Attr Name="UsedIn" Val="simulation"/>
      </FileInfo>
    </File>
    <File Path="$PSRCDIR/sources_1/imports/assignment1_both_files_ssds/garage_FSM_minimum.v">
      <FileInfo>
        <Attr Name="ImportPath" Val="//Mac/Home/Downloads/assignment1_both_files_ssds/garage_FSM_minimum.v"/>
        <Attr Name="ImportTime" Val="1680244410"/>
        <Attr Name="UsedIn" Val="synthesis"/>
        <Attr Name="UsedIn" Val="implementation"/>
        <Attr Name="UsedIn" Val="simulation"/>
      </FileInfo>
    </File>
    <File Path="$PSRCDIR/sources_1/imports/assignment1_both_files_ssds/garage_FSM_top_minimum.v">
      <FileInfo>
        <Attr Name="ImportPath" Val="//Mac/Home/Downloads/assignment1_both_files_ssds/garage_FSM_top_minimum.v"/>
        <Attr Name="ImportTime" Val="1680239702"/>
        <Attr Name="UsedIn" Val="synthesis"/>
        <Attr Name="UsedIn" Val="implementation"/>
        <Attr Name="UsedIn" Val="simulation"/>
      </FileInfo>
    </File>
    <File Path="$PSRCDIR/sources_1/imports/assignment1_both_files_ssds/sevenSegmentDecoderBoth.v">
      <FileInfo>
        <Attr Name="ImportPath" Val="//Mac/Home/Downloads/assignment1_both_files_ssds/sevenSegmentDecoderBoth.v"/>
        <Attr Name="ImportTime" Val="1680242966"/>
        <Attr Name="UsedIn" Val="synthesis"/>
        <Attr Name="UsedIn" Val="implementation"/>
        <Attr Name="UsedIn" Val="simulation"/>
      </FileInfo>
    </File>
    <File Path="$PSRCDIR/sources_1/imports/assignment1_both_files_ssds/spot.v">
      <FileInfo>
        <Attr Name="ImportPath" Val="//Mac/Home/Downloads/assignment1_both_files_ssds/spot.v"/>
        <Attr Name="ImportTime" Val="1680150970"/>
        <Attr Name="UsedIn" Val="synthesis"/>
        <Attr Name="UsedIn" Val="implementation"/>
        <Attr Name="UsedIn" Val="simulation"/>
      </FileInfo>
    </File>
    <File Path="$PSRCDIR/sources_1/imports/assignment1_both_files_ssds/ssdTop.v">
      <FileInfo>
        <Attr Name="ImportPath" Val="//Mac/Home/Downloads/assignment1_both_files_ssds/ssdTop.v"/>
        <Attr Name="ImportTime" Val="1680240182"/>
        <Attr Name="UsedIn" Val="synthesis"/>
        <Attr Name="UsedIn" Val="implementation"/>
        <Attr Name="UsedIn" Val="simulation"/>
      </FileInfo>
    </File>
    <File Path="$PSRCDIR/sources_1/imports/assignment1_both_files_ssds/TOP_BOTH.v">
      <FileInfo>
        <Attr Name="ImportPath" Val="//Mac/Home/Downloads/assignment1_both_files_ssds/TOP_BOTH.v"/>
        <Attr Name="ImportTime" Val="1680244108"/>
        <Attr Name="UsedIn" Val="synthesis"/>
        <Attr Name="UsedIn" Val="implementation"/>
        <Attr Name="UsedIn" Val="simulation"/>
      </FileInfo>
    </File>
    <File Path="$PSRCDIR/sources_1/imports/assignment1_both_files_ssds/sevenSegmentDecoder.v">
      <FileInfo>
        <Attr Name="AutoDisabled" Val="1"/>
        <Attr Name="ImportPath" Val="//Mac/Home/Downloads/assignment1_both_files_ssds/sevenSegmentDecoder.v"/>
        <Attr Name="ImportTime" Val="1679978446"/>
        <Attr Name="UsedIn" Val="synthesis"/>
        <Attr Name="UsedIn" Val="implementation"/>
        <Attr Name="UsedIn" Val="simulation"/>
      </FileInfo>
    </File>
    <File Path="$PSRCDIR/sources_1/imports/assignment1_both_files_ssds/sevenSegmentDecoderGarage.v">
      <FileInfo>
        <Attr Name="AutoDisabled" Val="1"/>
        <Attr Name="ImportPath" Val="//Mac/Home/Downloads/assignment1_both_files_ssds/sevenSegmentDecoderGarage.v"/>
        <Attr Name="ImportTime" Val="1680150970"/>
        <Attr Name="UsedIn" Val="synthesis"/>
        <Attr Name="UsedIn" Val="implementation"/>
        <Attr Name="UsedIn" Val="simulation"/>
      </FileInfo>
    </File>
    <Config>
      <Option Name="DesignMode" Val="RTL"/>
      <Option Name="TopModule" Val="TOP_BOTH"/>
      <Option Name="TopAutoSet" Val="TRUE"/>
    </Config>
  </FileSet>
  <FileSet Name="constrs_in" Type="Constrs" RelSrcDir="$PSRCDIR/constrs_1">
    <Filter Type="Constrs"/>
    <File Path="$PSRCDIR/constrs_1/imports/assignment1_both_files_ssds/constraints_TOP_BOTH.xdc">
      <FileInfo>
        <Attr Name="ImportPath" Val="//Mac/Home/Downloads/assignment1_both_files_ssds/constraints_TOP_BOTH.xdc"/>
        <Attr Name="ImportTime" Val="1680244088"/>
        <Attr Name="UsedIn" Val="synthesis"/>
        <Attr Name="UsedIn" Val="implementation"/>
      </FileInfo>
    </File>
    <File Path="$PSRCDIR/constrs_1/imports/assignment1_both_files_ssds/constraints_minimum.xdc">
      <FileInfo>
        <Attr Name="ImportPath" Val="//Mac/Home/Downloads/assignment1_both_files_ssds/constraints_minimum.xdc"/>
        <Attr Name="ImportTime" Val="1680151362"/>
        <Attr Name="UsedIn" Val="synthesis"/>
        <Attr Name="UsedIn" Val="implementation"/>
      </FileInfo>
    </File>
    <Config>
      <Option Name="ConstrsType" Val="XDC"/>
    </Config>
  </FileSet>
  <FileSet Name="utils" Type="Utils" RelSrcDir="$PSRCDIR/utils_1">
    <Filter Type="Utils"/>
    <File Path="$PSRCDIR/utils_1/imports/synth_1/TOP_BOTH.dcp">
      <FileInfo>
        <Attr Name="UsedIn" Val="synthesis"/>
        <Attr Name="UsedIn" Val="implementation"/>
        <Attr Name="UsedInSteps" Val="synth_1"/>
        <Attr Name="AutoDcp" Val="1"/>
      </FileInfo>
    </File>
    <Config>
      <Option Name="TopAutoSet" Val="TRUE"/>
    </Config>
  </FileSet>
  <Strategy Version="1" Minor="2">
    <StratHandle Name="Vivado Implementation Defaults" Flow="Vivado Implementation 2022"/>
    <Step Id="init_design"/>
    <Step Id="opt_design"/>
    <Step Id="power_opt_design"/>
    <Step Id="place_design"/>
    <Step Id="post_place_power_opt_design"/>
    <Step Id="phys_opt_design"/>
    <Step Id="route_design"/>
    <Step Id="post_route_phys_opt_design"/>
    <Step Id="write_bitstream"/>
  </Strategy>
</GenRun>
